feature	metadata	value	coef	stderr	N	N.not.0	pval	qval
Butyrate	Category	Live	-0.406330579284625	0.119568907086107	90	90	0.00105486817681104	0.0158230226521656
