feature	metadata	value	coef	stderr	N	N.not.0	pval	qval
GABA	Metabolomics_Run	R3	-0.479319646359888	0.0987368180852309	45	45	1.70494502123367e-05	0.000375087904671408
Thyroxine	Metabolomics_Run	R3	0.326735073908205	0.0824173427449264	45	45	0.000280417057666975	0.00308458763433672
Glutamine	Metabolomics_Run	R3	-0.236010292783801	0.0636532899323203	45	45	0.000606680245232037	0.00406500780679914
Kynurenic_acid	Metabolomics_Run	R3	0.456697271543206	0.125432455541956	45	45	0.000739092328508935	0.00406500780679914
Corticosterone	Category	Live	-0.37517663497475	0.140484386975194	45	45	0.0109462389546465	0.0481634514004447
