{
 "pval": [        4, 2.139538, 2.445732, 1.178706, 0.3722785, 0.3278124, 1.267999, 0.4230714,        0, 0.5813237,  0.63199, 0.7541758, 0.5502481, 0.7885853, 0.5502481, 0.02040624, 0.5502481, 0.3278124, 0.2224269, 0.0578144, 0.1251454, 0.2537666,        0 ],
"enr": [        4, 2.578693, 1.936922, 2.959178, 2.925049, 2.330479, 0.815626, 1.995948, 2.223613, 1.370096, 0.905742, 0.7050403, 0.6499938, 0.07479121, 0.2821569, 0.7634262,        0, 0.2745044, 0.1091663, 0.3370674, 0.2373032, 0.02560213, 0.1347138 ],
"metap": [        4, 2.085426, 1.988935, 1.645382, 1.135264, 0.8617571, 0.7844536, 0.7805601, 0.6358744, 0.6222915, 0.4747957, 0.4643701, 0.3437063, 0.2642542, 0.2238606, 0.1459015, 0.1410226, 0.1304736, 0.05321807, 0.05242131, 0.05128538, 0.04474934,        0 ],
"pathnames": [ "Steroid hormone biosynthesis", "Primary bile acid biosynthesis", "Fatty acid biosynthesis", "Porphyrin and chlorophyll metabolism", "Drug metabolism - cytochrome P450", "Arachidonic acid metabolism", "Glycerolipid metabolism", "Valine, leucine and isoleucine biosynthesis", "Purine metabolism", "Tyrosine metabolism", "Glycerophospholipid metabolism", "Aminoacyl-tRNA biosynthesis", "Phenylalanine, tyrosine and tryptophan biosynthesis", "Phenylalanine metabolism", "Galactose metabolism", "Pyrimidine metabolism", "Nitrogen metabolism", "Valine, leucine and isoleucine degradation", "D-Glutamine and D-glutamate metabolism", "Alanine, aspartate and glutamate metabolism", "Arginine biosynthesis", "Glyoxylate and dicarboxylate metabolism", "Tryptophan metabolism" ] 
}